parent,child,true_overlap,label,parent_true_start,child_true_start,parent_true_m,child_true_m,mass,max_cell,peak_frac,n_dist,dist_entropy,mass_per_child_batch,mass_over_min_read_mass,mass_over_min_miss_mass,mass_over_evict_writes,max_cell_over_min_miss,alpha_mean,alpha_sd,alpha_min,gap,exp_mass,excess_mass,poisson_z_total,poisson_z_max_cell,obs_over_exp
2,4,542,1,9494,10060,1108,1206,244.0,71.0,0.29098,18.0,3.69755,61.0,0.03253,0.21825,0.00542,0.06351,38.33607,4.62284,27.0,42.0,244.94,-0.94,-0.06006,9.18601,0.99616
4,5,1186,1,10060,10076,1206,1186,1321.0,1163.0,0.88039,16.0,0.97319,330.25,0.1321,0.8731,0.02781,0.76867,10.58592,1.76012,1.0,10.0,294.48,1026.52,59.81905,214.21531,4.48587
2,5,526,1,9494,10076,1108,1186,24.0,8.0,0.33333,5.0,2.12165,6.0,0.0032,0.02147,0.00053,0.00716,43.45833,1.22404,40.0,55.0,42.48,-18.48,-2.83537,0.26389,0.56497
4,6,570,1,10060,10179,1206,570,49.0,9.0,0.18367,12.0,3.34617,16.33333,0.00653,0.05998,0.00103,0.01102,38.7551,2.94529,34.0,43.0,132.36,-83.36,-7.24568,1.08423,0.3702
5,6,570,1,10076,10179,1186,570,651.0,551.0,0.84639,21.0,1.26831,217.0,0.0868,0.79682,0.01371,0.67442,30.03994,3.22218,15.0,30.0,304.98,346.02,19.8137,147.62922,2.13457
10,11,1017,1,76521,76607,1111,1017,1133.0,933.0,0.82348,22.0,1.24768,283.25,0.1133,0.83678,0.02385,0.68907,31.31068,2.48289,16.0,31.0,243.8,889.2,56.94854,198.33923,4.64725
11,12,0,0,76607,73972,1017,1421,635.0,48.0,0.07559,21.0,4.29225,158.75,0.0635,0.46898,0.01337,0.03545,27.46929,5.37567,17.0,32.0,580.16,54.84,2.27679,2.32596,1.09453
18,19,701,1,11938,11431,701,1625,1602.0,1358.0,0.84769,22.0,1.16999,400.5,0.1602,0.97268,0.03373,0.82453,30.43258,2.56297,15.0,30.0,554.02,1047.98,44.5236,197.73768,2.89159
18,20,0,0,11938,55272,701,611,272.0,21.0,0.07721,20.0,4.19442,90.66667,0.03627,0.38042,0.00573,0.02937,34.55515,5.10016,25.0,40.0,286.1,-14.1,-0.8336,1.73205,0.95072
19,20,0,0,11431,55272,1625,611,196.0,26.0,0.13265,12.0,3.47201,65.33333,0.02613,0.27413,0.00413,0.03636,6.15306,3.01815,1.0,7.0,153.42,42.58,3.43767,3.9876,1.27754
20,21,0,0,55272,73148,611,380,248.0,20.0,0.08065,20.0,4.21606,82.66667,0.03307,0.42177,0.00551,0.03401,17.28629,5.17698,8.0,23.0,211.54,36.46,2.5068,1.92525,1.17236
19,21,0,0,11431,73148,1625,380,120.0,16.0,0.13333,12.0,3.40059,40.0,0.016,0.20408,0.00253,0.02721,31.35,3.04316,26.0,32.0,111.28,8.72,0.82662,1.63978,1.07836
21,22,0,0,73148,41123,380,1473,624.0,50.0,0.08013,20.0,4.18111,156.0,0.0832,1.06122,0.01387,0.08503,17.59135,4.93171,8.0,23.0,573.9,50.1,2.09132,3.75372,1.0873
20,22,0,0,55272,41123,611,1473,391.0,40.0,0.1023,12.0,3.56362,97.75,0.05213,0.54685,0.00869,0.05594,39.68286,3.36169,34.0,48.0,366.04,24.96,1.30461,2.07367,1.06819
24,25,0,0,62141,78582,491,758,444.0,175.0,0.39414,9.0,2.13392,148.0,0.0592,0.77352,0.00987,0.30488,4.02477,1.39071,1.0,5.0,131.76,312.24,27.20174,39.35588,3.36976
25,28,0,0,78582,96837,758,1020,5.0,5.0,1.0,1.0,-0.0,1.25,0.00067,0.00616,0.00011,0.00616,45,0.0,45.0,60.0,1.76,3.24,2.44224,2.44224,2.84091
28,29,998,1,96837,96859,1020,1258,1153.0,994.0,0.8621,15.0,1.07189,288.25,0.1153,0.83977,0.02427,0.72396,10.52125,1.83578,1.0,10.0,232.9,920.1,60.29069,213.7681,4.95062
29,30,1140,1,96859,96835,1258,1164,1267.0,1108.0,0.87451,15.0,0.95662,316.75,0.1267,0.84636,0.02667,0.74015,9.79163,1.38346,1.0,9.0,158.96,1108.04,87.88434,210.74748,7.97056
28,30,1020,1,96837,96835,1020,1164,105.0,21.0,0.2,16.0,3.77467,26.25,0.0105,0.07647,0.00221,0.01529,20.80952,4.05696,13.0,22.0,175.46,-70.46,-5.31929,3.26347,0.59843
30,31,1164,1,96835,96529,1164,1610,1498.0,860.0,0.5741,22.0,2.22163,374.5,0.1498,1.00067,0.03154,0.57448,18.24833,3.16287,3.0,18.0,803.84,694.16,24.48357,140.45923,1.86355
29,31,1258,1,96859,96529,1258,1610,382.0,140.0,0.36649,15.0,3.22332,95.5,0.0382,0.23905,0.00804,0.08761,29.6623,2.89223,22.0,30.0,585.84,-203.84,-8.4217,25.18275,0.65206
28,31,1020,1,96837,96529,1020,1610,497.0,208.0,0.41851,12.0,2.716,124.25,0.0497,0.36198,0.01046,0.15149,37.39638,2.83869,34.0,43.0,510.66,-13.66,-0.60448,37.73595,0.97325
31,32,1295,1,96529,96844,1610,1378,1472.0,983.0,0.6678,21.0,1.69015,368.0,0.1472,0.92695,0.03099,0.61902,21.03465,2.76837,6.0,21.0,421.0,1051.0,51.22261,144.38833,3.49644
30,32,1155,1,96835,96844,1164,1378,325.0,33.0,0.10154,20.0,4.05788,81.25,0.0325,0.2171,0.00684,0.02204,38.92,4.6621,27.0,42.0,582.26,-257.26,-10.66139,4.38524,0.55817
29,32,1258,1,96859,96844,1258,1378,6.0,6.0,1.0,1.0,-0.0,1.5,0.0006,0.00378,0.00013,0.00378,46,0.0,46.0,54.0,3.18,2.82,1.58138,1.58138,1.88679
35,37,0,0,56781,31354,992,792,266.0,24.0,0.09023,21.0,4.22611,66.5,0.03547,0.25094,0.00591,0.02264,29.99248,5.24655,20.0,35.0,282.18,-16.18,-0.9632,2.28119,0.94266
37,38,792,1,31354,31162,792,1073,1208.0,996.0,0.8245,15.0,1.20321,302.0,0.1208,0.85552,0.02543,0.70538,10.58526,1.71987,1.0,10.0,185.38,1022.62,75.10742,200.68013,6.51634
35,38,0,0,56781,31162,992,1073,62.0,9.0,0.14516,13.0,3.53759,15.5,0.00827,0.05849,0.00138,0.00849,39.46774,3.19131,33.0,48.0,90.14,-28.14,-2.96391,1.78992,0.68782
38,39,861,1,31162,31341,1073,861,945.0,813.0,0.86032,21.0,1.10375,315.0,0.126,0.85598,0.01989,0.73641,30.28677,2.67287,15.0,30.0,359.52,585.48,30.8781,181.74027,2.6285
37,39,792,1,31354,31341,792,861,35.0,7.0,0.2,12.0,3.32182,11.66667,0.00467,0.0317,0.00074,0.00634,39.57143,2.94992,34.0,43.0,173.54,-138.54,-10.5166,0.91443,0.20168
39,40,0,0,31341,85847,861,1355,576.0,49.0,0.08507,21.0,4.20288,144.0,0.0768,0.52174,0.0128,0.04438,28.08681,5.23206,18.0,33.0,535.74,40.26,1.73939,3.52738,1.07515
43,44,662,1,90305,90609,1440,662,757.0,658.0,0.86922,14.0,1.01612,252.33333,0.10093,0.81838,0.01594,0.71135,9.51651,1.79646,1.0,9.0,201.68,555.32,39.10316,163.96178,3.75347
44,45,0,0,90609,57753,662,437,99.0,18.0,0.18182,8.0,2.75437,33.0,0.0132,0.15373,0.0022,0.02795,4.49495,1.83333,1.0,4.0,76.64,22.36,2.55414,2.50098,1.29175
43,45,0,0,90305,57753,1440,437,173.0,22.0,0.12717,14.0,3.66695,57.66667,0.02307,0.26863,0.00364,0.03416,12.94798,3.56325,7.0,15.0,153.12,19.88,1.60657,2.38514,1.12983
46,48,0,0,27256,58046,1044,244,64.0,8.0,0.125,15.0,3.71411,21.33333,0.00853,0.13008,0.00142,0.01626,32.46875,4.4825,25.0,37.0,106.54,-42.54,-4.12137,2.78815,0.60071
48,49,0,0,58046,16101,244,1011,380.0,43.0,0.11316,14.0,3.60545,95.0,0.05067,0.77236,0.00844,0.0874,6.97105,3.24957,1.0,9.0,276.76,103.24,6.20578,3.804,1.37303
46,49,0,0,27256,16101,1044,1011,218.0,36.0,0.16514,9.0,3.12713,54.5,0.02907,0.19622,0.00484,0.0324,41.13761,2.55927,37.0,48.0,205.3,12.7,0.88636,2.66089,1.06186
49,52,0,0,16101,63325,1011,607,142.0,30.0,0.21127,7.0,2.69565,47.33333,0.01893,0.20113,0.00299,0.04249,42.21127,1.80309,39.0,54.0,135.92,6.08,0.52151,2.06071,1.04473
52,53,0,0,63325,21160,607,1001,499.0,39.0,0.07816,20.0,4.21844,166.33333,0.06653,0.7068,0.01109,0.05524,10.04609,5.51768,1.0,16.0,454.58,44.42,2.0834,3.46714,1.09772
53,54,527,1,21160,21634,1001,1098,819.0,508.0,0.62027,20.0,2.50513,204.75,0.1092,0.77926,0.0182,0.48335,27.99389,4.18804,15.0,30.0,489.76,329.24,14.87719,109.99465,1.67225
52,54,0,0,63325,21634,607,1098,196.0,24.0,0.12245,12.0,3.54664,49.0,0.02613,0.27762,0.00436,0.03399,39.30102,3.41458,34.0,48.0,316.72,-120.72,-6.78331,2.72081,0.61884
