param,level,mult,value,seed,f1,precision,recall,n_detected,true_episodes,c_median_rel_err,c_n,window_est,null_mean,attack_overlap_mass,n_est_pairs,pearson,pearson_large,n_pairs_scored,true_pos_pairs,est_pos_pairs
track_span,0.5x,0.5,40,7,0.9240506329113924,0.9358974358974359,0.9125,78.0,80.0,0.1349206349206349,73.0,45,7.6,5183.0,93,0.5255363923322274,0.3074393688745123,5256.0,246.0,168.0
track_span,0.5x,0.5,40,8,0.8846153846153847,0.9078947368421053,0.8625,76.0,80.0,0.1171875,69.0,45,1.8,4855.0,94,0.3572326521071308,0.16569358121001168,4692.0,274.0,144.0
track_span,0.5x,0.5,40,9,0.8717948717948718,0.8947368421052632,0.85,76.0,80.0,0.13766366422137616,68.0,45,0.8,4545.0,83,0.5150817752931229,0.5373613355048027,4556.0,130.0,128.0
track_span,1x,1.0,80,7,0.929936305732484,0.948051948051948,0.9125,77.0,80.0,0.13861386138613863,73.0,45,4.3,5172.0,92,0.5210239749182863,0.3021574247113187,5256.0,246.0,170.0
track_span,1x,1.0,80,8,0.8846153846153847,0.9078947368421053,0.8625,76.0,80.0,0.09473684210526316,69.0,45,0.8,4873.0,94,0.35831373798940996,0.16639277627814797,4692.0,274.0,144.0
track_span,1x,1.0,80,9,0.8717948717948718,0.8947368421052632,0.85,76.0,80.0,0.14067046909556513,68.0,45,2.2,4583.0,84,0.5239867510833566,0.5469336923543368,4556.0,130.0,130.0
track_span,2x,2.0,160,7,0.929936305732484,0.948051948051948,0.9125,77.0,80.0,0.1388888888888889,73.0,45,9.1,5150.0,92,0.5208402203707002,0.3059001529195275,5256.0,246.0,170.0
track_span,2x,2.0,160,8,0.8846153846153847,0.9078947368421053,0.8625,76.0,80.0,0.11290322580645161,69.0,45,4.0,4858.0,94,0.35709003609645057,0.16569358121001168,4692.0,274.0,144.0
track_span,2x,2.0,160,9,0.8717948717948718,0.8947368421052632,0.85,76.0,80.0,0.13755562619198983,68.0,45,1.7,4583.0,84,0.5239867510833566,0.5469336923543368,4556.0,130.0,130.0
flush_frac,0.5x,0.5,0.04,7,0.9044585987261146,0.922077922077922,0.8875,77.0,80.0,0.11842105263157894,71.0,45,11.4,5752.0,99,0.5360179160054965,0.32740405919850896,4970.0,236.0,174.0
flush_frac,0.5x,0.5,0.04,8,0.875,0.875,0.875,80.0,80.0,0.09736842105263158,70.0,45,1.8,5517.0,109,0.3725602339957853,0.1991349987338043,4830.0,270.0,164.0
flush_frac,0.5x,0.5,0.04,9,0.8301886792452831,0.8354430379746836,0.825,79.0,80.0,0.09602815485168426,66.0,45,1.2,5519.0,100,0.5703610229064504,0.6085373691744931,4290.0,116.0,134.0
flush_frac,1x,1.0,0.08,7,0.929936305732484,0.948051948051948,0.9125,77.0,80.0,0.13861386138613863,73.0,45,4.3,5172.0,92,0.5210239749182863,0.3021574247113187,5256.0,246.0,170.0
flush_frac,1x,1.0,0.08,8,0.8846153846153847,0.9078947368421053,0.8625,76.0,80.0,0.09473684210526316,69.0,45,0.8,4873.0,94,0.35831373798940996,0.16639277627814797,4692.0,274.0,144.0
flush_frac,1x,1.0,0.08,9,0.8717948717948718,0.8947368421052632,0.85,76.0,80.0,0.14067046909556513,68.0,45,2.2,4583.0,84,0.5239867510833566,0.5469336923543368,4556.0,130.0,130.0
flush_frac,2x,2.0,0.16,7,0.8831168831168831,0.918918918918919,0.85,74.0,80.0,0.17062248096730856,68.0,45,3.1,4352.0,77,0.5420704389680517,0.3126834369888196,4556.0,200.0,130.0
flush_frac,2x,2.0,0.16,8,0.8701298701298702,0.9054054054054054,0.8375,74.0,80.0,0.18181818181818182,67.0,45,1.9,3974.0,76,0.39943542403293664,0.1631622926516275,4422.0,306.0,130.0
flush_frac,2x,2.0,0.16,9,0.8627450980392157,0.9041095890410958,0.825,73.0,80.0,0.19506035161374968,66.0,45,0.0,3948.0,73,0.5461596020322271,0.5361228305081661,4290.0,130.0,118.0
local_bg,0.5x,0.5,20,7,0.929936305732484,0.948051948051948,0.9125,77.0,80.0,0.11904761904761904,73.0,45,4.3,5172.0,92,0.5210239749182863,0.3021574247113187,5256.0,246.0,170.0
local_bg,0.5x,0.5,20,8,0.8846153846153847,0.9078947368421053,0.8625,76.0,80.0,0.10909090909090909,69.0,45,0.8,4873.0,94,0.35831373798940996,0.16639277627814797,4692.0,274.0,144.0
local_bg,0.5x,0.5,20,9,0.8717948717948718,0.8947368421052632,0.85,76.0,80.0,0.1481879606879607,68.0,45,2.2,4583.0,84,0.5239867510833566,0.5469336923543368,4556.0,130.0,130.0
local_bg,1x,1.0,40,7,0.929936305732484,0.948051948051948,0.9125,77.0,80.0,0.13861386138613863,73.0,45,4.3,5172.0,92,0.5210239749182863,0.3021574247113187,5256.0,246.0,170.0
local_bg,1x,1.0,40,8,0.8846153846153847,0.9078947368421053,0.8625,76.0,80.0,0.09473684210526316,69.0,45,0.8,4873.0,94,0.35831373798940996,0.16639277627814797,4692.0,274.0,144.0
local_bg,1x,1.0,40,9,0.8717948717948718,0.8947368421052632,0.85,76.0,80.0,0.14067046909556513,68.0,45,2.2,4583.0,84,0.5239867510833566,0.5469336923543368,4556.0,130.0,130.0
local_bg,2x,2.0,80,7,0.929936305732484,0.948051948051948,0.9125,77.0,80.0,0.13839285714285715,73.0,45,4.3,5172.0,92,0.5210239749182863,0.3021574247113187,5256.0,246.0,170.0
local_bg,2x,2.0,80,8,0.8846153846153847,0.9078947368421053,0.8625,76.0,80.0,0.10434782608695652,69.0,45,0.8,4873.0,94,0.35831373798940996,0.16639277627814797,4692.0,274.0,144.0
local_bg,2x,2.0,80,9,0.8717948717948718,0.8947368421052632,0.85,76.0,80.0,0.14879240943070732,68.0,45,2.2,4583.0,84,0.5239867510833566,0.5469336923543368,4556.0,130.0,130.0
min_mass,0.5x,0.5,15.0,7,0.9240506329113924,0.9358974358974359,0.9125,78.0,80.0,0.13861386138613863,73.0,45,4.3,5271.0,94,0.5210239749182863,0.3021574247113187,5256.0,246.0,170.0
min_mass,0.5x,0.5,15.0,8,0.8987341772151898,0.9102564102564102,0.8875,78.0,80.0,0.11290322580645161,71.0,45,0.8,5009.0,97,0.36568143195521235,0.18463948085696943,4970.0,280.0,150.0
min_mass,0.5x,0.5,15.0,9,0.8717948717948718,0.8947368421052632,0.85,76.0,80.0,0.14067046909556513,68.0,45,2.2,4583.0,84,0.5239867510833566,0.5469336923543368,4556.0,130.0,130.0
min_mass,1x,1.0,30.0,7,0.929936305732484,0.948051948051948,0.9125,77.0,80.0,0.13861386138613863,73.0,45,4.3,5172.0,92,0.5210239749182863,0.3021574247113187,5256.0,246.0,170.0
min_mass,1x,1.0,30.0,8,0.8846153846153847,0.9078947368421053,0.8625,76.0,80.0,0.09473684210526316,69.0,45,0.8,4873.0,94,0.35831373798940996,0.16639277627814797,4692.0,274.0,144.0
min_mass,1x,1.0,30.0,9,0.8717948717948718,0.8947368421052632,0.85,76.0,80.0,0.14067046909556513,68.0,45,2.2,4583.0,84,0.5239867510833566,0.5469336923543368,4556.0,130.0,130.0
min_mass,2x,2.0,60.0,7,0.929936305732484,0.948051948051948,0.9125,77.0,80.0,0.13861386138613863,73.0,45,4.3,5172.0,92,0.5210239749182863,0.3021574247113187,5256.0,246.0,170.0
min_mass,2x,2.0,60.0,8,0.8846153846153847,0.9078947368421053,0.8625,76.0,80.0,0.09473684210526316,69.0,45,0.8,4873.0,94,0.35831373798940996,0.16639277627814797,4692.0,274.0,144.0
min_mass,2x,2.0,60.0,9,0.8717948717948718,0.8947368421052632,0.85,76.0,80.0,0.14067046909556513,68.0,45,2.2,4583.0,84,0.5239867510833566,0.5469336923543368,4556.0,130.0,130.0
window,0.5x,0.5,25,7,0.8875,0.8875,0.8875,80.0,80.0,0.125,71.0,45,10.9,5127.0,90,0.528768887397149,0.3113399302733467,4970.0,238.0,156.0
window,0.5x,0.5,25,8,0.8625,0.8625,0.8625,80.0,80.0,0.09375,69.0,45,0.8,4886.0,94,0.37920355321379023,0.17443640859949316,4692.0,322.0,158.0
window,0.5x,0.5,25,9,0.8875,0.8875,0.8875,80.0,80.0,0.14049586776859505,71.0,45,2.2,4779.0,89,0.5096238688086882,0.44693625981107804,4970.0,150.0,142.0
window,1x,1.0,50,7,0.929936305732484,0.948051948051948,0.9125,77.0,80.0,0.13861386138613863,73.0,45,4.3,5172.0,92,0.5210239749182863,0.3021574247113187,5256.0,246.0,170.0
window,1x,1.0,50,8,0.8846153846153847,0.9078947368421053,0.8625,76.0,80.0,0.09473684210526316,69.0,45,0.8,4873.0,94,0.35831373798940996,0.16639277627814797,4692.0,274.0,144.0
window,1x,1.0,50,9,0.8717948717948718,0.8947368421052632,0.85,76.0,80.0,0.14067046909556513,68.0,45,2.2,4583.0,84,0.5239867510833566,0.5469336923543368,4556.0,130.0,130.0
window,2x,2.0,100,7,0.9113924050632911,0.9230769230769231,0.9,78.0,80.0,0.13157894736842105,72.0,45,3.5,5443.0,94,0.5216869629696232,0.3073736819318092,5112.0,232.0,168.0
window,2x,2.0,100,8,0.8846153846153847,0.9078947368421053,0.8625,76.0,80.0,0.0875,69.0,45,0.8,4907.0,94,0.35972272359621144,0.170618807579783,4692.0,294.0,152.0
window,2x,2.0,100,9,0.8717948717948718,0.8947368421052632,0.85,76.0,80.0,0.13085585585585585,68.0,45,2.2,4545.0,83,0.5289794977226977,0.5687786396074431,4556.0,130.0,132.0
gap,0.5x,0.5,2,7,0.929936305732484,0.948051948051948,0.9125,77.0,80.0,0.13861386138613863,73.0,45,4.3,5172.0,92,0.5210239749182863,0.3021574247113187,5256.0,246.0,170.0
gap,0.5x,0.5,2,8,0.8846153846153847,0.9078947368421053,0.8625,76.0,80.0,0.09473684210526316,69.0,45,0.8,4873.0,94,0.35831373798940996,0.16639277627814797,4692.0,274.0,144.0
gap,0.5x,0.5,2,9,0.8917197452229298,0.9090909090909091,0.875,77.0,80.0,0.1448906203176506,70.0,45,2.2,4570.0,85,0.5111460706929688,0.5054055301026059,4830.0,140.0,136.0
gap,1x,1.0,3,7,0.929936305732484,0.948051948051948,0.9125,77.0,80.0,0.13861386138613863,73.0,45,4.3,5172.0,92,0.5210239749182863,0.3021574247113187,5256.0,246.0,170.0
gap,1x,1.0,3,8,0.8846153846153847,0.9078947368421053,0.8625,76.0,80.0,0.09473684210526316,69.0,45,0.8,4873.0,94,0.35831373798940996,0.16639277627814797,4692.0,274.0,144.0
gap,1x,1.0,3,9,0.8717948717948718,0.8947368421052632,0.85,76.0,80.0,0.14067046909556513,68.0,45,2.2,4583.0,84,0.5239867510833566,0.5469336923543368,4556.0,130.0,130.0
gap,2x,2.0,6,7,0.8903225806451613,0.92,0.8625,75.0,80.0,0.1388888888888889,69.0,45,5.2,4982.0,85,0.539398578853502,0.347095872989801,4692.0,216.0,146.0
gap,2x,2.0,6,8,0.8846153846153847,0.9078947368421053,0.8625,76.0,80.0,0.09433962264150944,69.0,45,0.8,4875.0,94,0.35812389316816107,0.16639277627814797,4692.0,274.0,144.0
gap,2x,2.0,6,9,0.8717948717948718,0.8947368421052632,0.85,76.0,80.0,0.14067046909556513,68.0,45,2.2,4583.0,84,0.5239867510833566,0.5469336923543368,4556.0,130.0,130.0
min_pair_mass,0.5x,0.5,4.0,7,0.929936305732484,0.948051948051948,0.9125,77.0,80.0,0.13861386138613863,73.0,45,4.3,5172.0,92,0.5210239749182863,0.3021574247113187,5256.0,246.0,170.0
min_pair_mass,0.5x,0.5,4.0,8,0.8846153846153847,0.9078947368421053,0.8625,76.0,80.0,0.09473684210526316,69.0,45,0.8,4880.0,95,0.3582262184716495,0.16639277627814797,4692.0,274.0,146.0
min_pair_mass,0.5x,0.5,4.0,9,0.8717948717948718,0.8947368421052632,0.85,76.0,80.0,0.14067046909556513,68.0,45,2.2,4583.0,84,0.5239867510833566,0.5469336923543368,4556.0,130.0,130.0
min_pair_mass,1x,1.0,8.0,7,0.929936305732484,0.948051948051948,0.9125,77.0,80.0,0.13861386138613863,73.0,45,4.3,5172.0,92,0.5210239749182863,0.3021574247113187,5256.0,246.0,170.0
min_pair_mass,1x,1.0,8.0,8,0.8846153846153847,0.9078947368421053,0.8625,76.0,80.0,0.09473684210526316,69.0,45,0.8,4873.0,94,0.35831373798940996,0.16639277627814797,4692.0,274.0,144.0
min_pair_mass,1x,1.0,8.0,9,0.8717948717948718,0.8947368421052632,0.85,76.0,80.0,0.14067046909556513,68.0,45,2.2,4583.0,84,0.5239867510833566,0.5469336923543368,4556.0,130.0,130.0
min_pair_mass,2x,2.0,16.0,7,0.929936305732484,0.948051948051948,0.9125,77.0,80.0,0.13861386138613863,73.0,45,0.0,5094.0,85,0.517002961299079,0.2983500461884207,5256.0,246.0,158.0
min_pair_mass,2x,2.0,16.0,8,0.8846153846153847,0.9078947368421053,0.8625,76.0,80.0,0.09473684210526316,69.0,45,0.0,4781.0,86,0.35041170135445254,0.16525577179850406,4692.0,274.0,132.0
min_pair_mass,2x,2.0,16.0,9,0.8717948717948718,0.8947368421052632,0.85,76.0,80.0,0.14067046909556513,68.0,45,0.0,4575.0,83,0.5240778758624581,0.5469336923543368,4556.0,130.0,128.0
max_cell,0.5x,0.5,2,7,0.929936305732484,0.948051948051948,0.9125,77.0,80.0,0.13861386138613863,73.0,45,126.1,5525.0,111,0.5304627081116382,0.3081274314141209,5256.0,246.0,200.0
max_cell,0.5x,0.5,2,8,0.8846153846153847,0.9078947368421053,0.8625,76.0,80.0,0.09473684210526316,69.0,45,110.8,5403.0,126,0.39485735348248724,0.19978474883506328,4692.0,274.0,196.0
max_cell,0.5x,0.5,2,9,0.8717948717948718,0.8947368421052632,0.85,76.0,80.0,0.14067046909556513,68.0,45,119.1,4886.0,101,0.5272709724467,0.547568524739534,4556.0,130.0,160.0
max_cell,1x,1.0,4,7,0.929936305732484,0.948051948051948,0.9125,77.0,80.0,0.13861386138613863,73.0,45,4.3,5172.0,92,0.5210239749182863,0.3021574247113187,5256.0,246.0,170.0
max_cell,1x,1.0,4,8,0.8846153846153847,0.9078947368421053,0.8625,76.0,80.0,0.09473684210526316,69.0,45,0.8,4873.0,94,0.35831373798940996,0.16639277627814797,4692.0,274.0,144.0
max_cell,1x,1.0,4,9,0.8717948717948718,0.8947368421052632,0.85,76.0,80.0,0.14067046909556513,68.0,45,2.2,4583.0,84,0.5239867510833566,0.5469336923543368,4556.0,130.0,130.0
max_cell,2x,2.0,8,7,0.929936305732484,0.948051948051948,0.9125,77.0,80.0,0.13861386138613863,73.0,45,0.0,3780.0,50,0.5474798116608535,0.29559136062740765,5256.0,246.0,92.0
max_cell,2x,2.0,8,8,0.8846153846153847,0.9078947368421053,0.8625,76.0,80.0,0.09473684210526316,69.0,20,0.0,3261.0,43,0.3729842052757643,0.17954150391635817,4692.0,274.0,62.0
max_cell,2x,2.0,8,9,0.8717948717948718,0.8947368421052632,0.85,76.0,80.0,0.14067046909556513,68.0,45,0.0,3032.0,39,0.5433092927894949,0.5364800988136452,4556.0,130.0,60.0
eviction_tail,0.5x,0.5,8,7,0.929936305732484,0.948051948051948,0.9125,77.0,80.0,0.13861386138613863,73.0,45,1.6,3838.0,79,0.5562260398726265,0.3415247459763639,5256.0,246.0,148.0
eviction_tail,0.5x,0.5,8,8,0.8846153846153847,0.9078947368421053,0.8625,76.0,80.0,0.09473684210526316,69.0,45,0.0,3568.0,80,0.3942327731575221,0.18993248578299232,4692.0,274.0,120.0
eviction_tail,0.5x,0.5,8,9,0.8717948717948718,0.8947368421052632,0.85,76.0,80.0,0.14067046909556513,68.0,45,1.9,3270.0,73,0.5671556913512039,0.5639298762031354,4556.0,130.0,110.0
eviction_tail,1x,1.0,15,7,0.929936305732484,0.948051948051948,0.9125,77.0,80.0,0.13861386138613863,73.0,45,4.3,5172.0,92,0.5210239749182863,0.3021574247113187,5256.0,246.0,170.0
eviction_tail,1x,1.0,15,8,0.8846153846153847,0.9078947368421053,0.8625,76.0,80.0,0.09473684210526316,69.0,45,0.8,4873.0,94,0.35831373798940996,0.16639277627814797,4692.0,274.0,144.0
eviction_tail,1x,1.0,15,9,0.8717948717948718,0.8947368421052632,0.85,76.0,80.0,0.14067046909556513,68.0,45,2.2,4583.0,84,0.5239867510833566,0.5469336923543368,4556.0,130.0,130.0
eviction_tail,2x,2.0,30,7,0.929936305732484,0.948051948051948,0.9125,77.0,80.0,0.13861386138613863,73.0,45,9.6,7412.0,106,0.4529696248568944,0.28366612658784385,5256.0,246.0,198.0
eviction_tail,2x,2.0,30,8,0.8846153846153847,0.9078947368421053,0.8625,76.0,80.0,0.09473684210526316,69.0,45,5.5,6958.0,108,0.31423787728967395,0.20381877039712262,4692.0,274.0,172.0
eviction_tail,2x,2.0,30,9,0.8717948717948718,0.8947368421052632,0.85,76.0,80.0,0.14067046909556513,68.0,45,7.4,6894.0,101,0.4200801771343818,0.5498091634998886,4556.0,130.0,156.0
